{"subject_id": 6, "video_loop_duration": [1660.7205855846405], "video_loop_start_time": [1710255164.7718544], "video_loop_end_time": [1710256825.49244], "session_duration": [1660.7628633975983], "session_start_time": [1710255164.7718544], "session_end_time": [1710256825.5347178], "time_recordings": [{"video_index": [0, 1, 2, 3, 4, 5, 6, 7, 8, 9, 10, 11, 12, 13, 14], "video_name": ["29.mp4", "119.mp4", "57.mp4", "44.mp4", "33.mp4", "58.mp4", "66.mp4", "16.mp4", "59.mp4", "3.mp4", "55.mp4", "60.mp4", "91.mp4", "77.mp4", "72.mp4"], "baseline_duration": [10.001628875732422, 10.001628875732422, 10.001628875732422, 10.001628875732422, 10.001628875732422, 10.001628875732422, 10.001628875732422, 10.001628875732422, 10.001628875732422, 10.001628875732422, 10.001628875732422, 10.001628875732422, 10.001628875732422, 10.001628875732422, 10.001628875732422], "baseline_start_time": [1710255164.7718544, 1710255164.7718544, 1710255164.7718544, 1710255164.7718544, 1710255164.7718544, 1710255164.7718544, 1710255164.7718544, 1710255164.7718544, 1710255164.7718544, 1710255164.7718544, 1710255164.7718544, 1710255164.7718544, 1710255164.7718544, 1710255164.7718544, 1710255164.7718544], "baseline_end_time": [1710255174.7734833, 1710255174.7734833, 1710255174.7734833, 1710255174.7734833, 1710255174.7734833, 1710255174.7734833, 1710255174.7734833, 1710255174.7734833, 1710255174.7734833, 1710255174.7734833, 1710255174.7734833, 1710255174.7734833, 1710255174.7734833, 1710255174.7734833, 1710255174.7734833], "video_duration": [60.00209903717041, 60.00303864479065, 60.002553939819336, 60.00271677970886, 60.00211501121521, 60.00251889228821, 60.0022668838501, 60.00247502326965, 60.00193524360657, 60.00238609313965, 60.00241041183472, 60.002625703811646, 60.00237226486206, 60.00223255157471, 60.00224685668945], "video_start_time": [1710255174.7734833, 1710255284.8082523, 1710255394.8663094, 1710255504.905017, 1710255614.9501796, 1710255725.0089605, 1710255835.0710812, 1710255945.1237102, 1710256055.1699538, 1710256165.2096598, 1710256275.2597797, 1710256385.312364, 1710256495.3500404, 1710256605.4006279, 1710256715.4422216], "video_end_time": [1710255234.7755823, 1710255344.811291, 1710255454.8688633, 1710255564.9077337, 1710255674.9522946, 1710255785.0114794, 1710255895.073348, 1710256005.1261852, 1710256115.171889, 1710256225.212046, 1710256335.26219, 1710256445.3149898, 1710256555.3524127, 1710256665.4028604, 1710256775.4444685], "self_assessment_duration": [35.030462980270386, 35.05252385139465, 35.03530311584473, 35.04025363922119, 35.05143332481384, 35.05853295326233, 35.04785180091858, 35.041553020477295, 35.0359423160553, 35.045541286468506, 35.04769849777222, 35.033212184906006, 35.04586577415466, 35.03697419166565, 35.044708251953125], "self_assessment_start_time": [1710255234.7755823, 1710255344.811291, 1710255454.8688633, 1710255564.9077337, 1710255674.9522946, 1710255785.0114794, 1710255895.073348, 1710256005.1261852, 1710256115.171889, 1710256225.212046, 1710256335.26219, 1710256445.3149898, 1710256555.3524127, 1710256665.4028604, 1710256775.4444685], "self_assessment_end_time": [1710255269.8060453, 1710255379.8638148, 1710255489.9041665, 1710255599.9479873, 1710255710.003728, 1710255820.0700123, 1710255930.1211998, 1710256040.1677382, 1710256150.2078314, 1710256260.2575872, 1710256370.3098886, 1710256480.348202, 1710256590.3982785, 1710256700.4398346, 1710256810.4891768], "break_duration": [15.002207040786743, 15.00249457359314, 15.000850439071655, 15.002192258834839, 15.005232572555542, 15.001068830490112, 15.00251030921936, 15.00221562385559, 15.00182843208313, 15.002192497253418, 15.002475500106812, 15.001838445663452, 15.002349376678467, 15.002387046813965, 15.003263235092163], "break_start_time": [1710255269.8060453, 1710255379.8638148, 1710255489.9041665, 1710255599.9479873, 1710255710.003728, 1710255820.0700123, 1710255930.1211998, 1710256040.1677382, 1710256150.2078314, 1710256260.2575872, 1710256370.3098886, 1710256480.348202, 1710256590.3982785, 1710256700.4398346, 1710256810.4891768], "break_end_time": [1710255284.8082523, 1710255394.8663094, 1710255504.905017, 1710255614.9501796, 1710255725.0089605, 1710255835.0710812, 1710255945.1237102, 1710256055.1699538, 1710256165.2096598, 1710256275.2597797, 1710256385.312364, 1710256495.3500404, 1710256605.4006279, 1710256715.4422216, 1710256825.49244]}]}