{"subject_id": 3, "video_loop_duration": [1661.0459554195404], "video_loop_start_time": [1709832653.3539333], "video_loop_end_time": [1709834314.3998888], "session_duration": [1661.075787305832], "session_start_time": [1709832653.3539333], "session_end_time": [1709834314.4297206], "time_recordings": [{"video_index": [0, 1, 2, 3, 4, 5, 6, 7, 8, 9, 10, 11, 12, 13, 14], "video_name": ["58.mp4", "48.mp4", "1.mp4", "32.mp4", "64.mp4", "25.mp4", "22.mp4", "20.mp4", "3.mp4", "73.mp4", "85.mp4", "75.mp4", "16.mp4", "33.mp4", "39.mp4"], "baseline_duration": [10.002371311187744, 10.002371311187744, 10.002371311187744, 10.002371311187744, 10.002371311187744, 10.002371311187744, 10.002371311187744, 10.002371311187744, 10.002371311187744, 10.002371311187744, 10.002371311187744, 10.002371311187744, 10.002371311187744, 10.002371311187744, 10.002371311187744], "baseline_start_time": [1709832653.3539333, 1709832653.3539333, 1709832653.3539333, 1709832653.3539333, 1709832653.3539333, 1709832653.3539333, 1709832653.3539333, 1709832653.3539333, 1709832653.3539333, 1709832653.3539333, 1709832653.3539333, 1709832653.3539333, 1709832653.3539333, 1709832653.3539333, 1709832653.3539333], "baseline_end_time": [1709832663.3563046, 1709832663.3563046, 1709832663.3563046, 1709832663.3563046, 1709832663.3563046, 1709832663.3563046, 1709832663.3563046, 1709832663.3563046, 1709832663.3563046, 1709832663.3563046, 1709832663.3563046, 1709832663.3563046, 1709832663.3563046, 1709832663.3563046, 1709832663.3563046], "video_duration": [60.002291440963745, 60.0024676322937, 60.002267599105835, 60.0017409324646, 60.001875162124634, 60.00278401374817, 60.00206255912781, 60.00239086151123, 60.00128960609436, 60.00704789161682, 60.00242733955383, 60.002230644226074, 60.002516746520996, 60.00238847732544, 60.00268888473511], "video_start_time": [1709832663.3563046, 1709832773.4369361, 1709832883.502589, 1709832993.5661974, 1709833103.6453133, 1709833213.7296853, 1709833323.7857304, 1709833433.8531895, 1709833543.9173014, 1709833653.9843972, 1709833764.0565248, 1709833874.1202717, 1709833984.1879773, 1709834094.2654917, 1709834204.3305972], "video_end_time": [1709832723.358596, 1709832833.4394038, 1709832943.5048566, 1709833053.5679383, 1709833163.6471884, 1709833273.7324693, 1709833383.787793, 1709833493.8555803, 1709833603.918591, 1709833713.991445, 1709833824.058952, 1709833934.1225023, 1709834044.190494, 1709834154.2678802, 1709834264.333286], "self_assessment_duration": [35.07734036445618, 35.06171727180481, 35.05950403213501, 35.071760416030884, 35.07581615447998, 35.05049157142639, 35.063642501831055, 35.059791564941406, 35.063984632492065, 35.06116986274719, 35.05935573577881, 35.06265163421631, 35.07327318191528, 35.06108570098877, 35.06125330924988], "self_assessment_start_time": [1709832723.358596, 1709832833.4394038, 1709832943.5048566, 1709833053.5679383, 1709833163.6471884, 1709833273.7324693, 1709833383.787793, 1709833493.8555803, 1709833603.918591, 1709833713.991445, 1709833824.058952, 1709833934.1225023, 1709834044.190494, 1709834154.2678802, 1709834264.333286], "self_assessment_end_time": [1709832758.4359365, 1709832868.501121, 1709832978.5643606, 1709833088.6396987, 1709833198.7230046, 1709833308.782961, 1709833418.8514354, 1709833528.915372, 1709833638.9825757, 1709833749.052615, 1709833859.1183078, 1709833969.185154, 1709834079.2637672, 1709834189.328966, 1709834299.3945394], "break_duration": [15.000999689102173, 15.001467943191528, 15.001836776733398, 15.005614519119263, 15.006514549255371, 15.002769470214844, 15.00175404548645, 15.001929521560669, 15.001821517944336, 15.003909826278687, 15.00196385383606, 15.00282335281372, 15.001724481582642, 15.001631259918213, 15.005349397659302], "break_start_time": [1709832758.4359365, 1709832868.501121, 1709832978.5643606, 1709833088.6396987, 1709833198.7230046, 1709833308.782961, 1709833418.8514354, 1709833528.915372, 1709833638.9825757, 1709833749.052615, 1709833859.1183078, 1709833969.185154, 1709834079.2637672, 1709834189.328966, 1709834299.3945394], "break_end_time": [1709832773.4369361, 1709832883.502589, 1709832993.5661974, 1709833103.6453133, 1709833213.7295191, 1709833323.7857304, 1709833433.8531895, 1709833543.9173014, 1709833653.9843972, 1709833764.0565248, 1709833874.1202717, 1709833984.1879773, 1709834094.2654917, 1709834204.3305972, 1709834314.3998888]}]}