{"subject_id": 7, "video_loop_duration": [1660.692790031433], "video_loop_start_time": [1710257714.902967], "video_loop_end_time": [1710259375.595757], "session_duration": [1660.7345118522644], "session_start_time": [1710257714.902967], "session_end_time": [1710259375.6374788], "time_recordings": [{"video_index": [0, 1, 2, 3, 4, 5, 6, 7, 8, 9, 10, 11, 12, 13, 14], "video_name": ["64.mp4", "77.mp4", "39.mp4", "73.mp4", "76.mp4", "38.mp4", "44.mp4", "52.mp4", "75.mp4", "57.mp4", "58.mp4", "28.mp4", "33.mp4", "45.mp4", "83.mp4"], "baseline_duration": [10.00198745727539, 10.00198745727539, 10.00198745727539, 10.00198745727539, 10.00198745727539, 10.00198745727539, 10.00198745727539, 10.00198745727539, 10.00198745727539, 10.00198745727539, 10.00198745727539, 10.00198745727539, 10.00198745727539, 10.00198745727539, 10.00198745727539], "baseline_start_time": [1710257714.902967, 1710257714.902967, 1710257714.902967, 1710257714.902967, 1710257714.902967, 1710257714.902967, 1710257714.902967, 1710257714.902967, 1710257714.902967, 1710257714.902967, 1710257714.902967, 1710257714.902967, 1710257714.902967, 1710257714.902967, 1710257714.902967], "baseline_end_time": [1710257724.9049544, 1710257724.9049544, 1710257724.9049544, 1710257724.9049544, 1710257724.9049544, 1710257724.9049544, 1710257724.9049544, 1710257724.9049544, 1710257724.9049544, 1710257724.9049544, 1710257724.9049544, 1710257724.9049544, 1710257724.9049544, 1710257724.9049544, 1710257724.9049544], "video_duration": [60.00190615653992, 60.00185513496399, 60.00241184234619, 60.002440452575684, 60.000837326049805, 60.002519607543945, 60.00149345397949, 60.002233266830444, 60.00224184989929, 60.00236678123474, 60.00210213661194, 60.00233221054077, 60.00211834907532, 60.002140045166016, 60.0025851726532], "video_start_time": [1710257724.9049544, 1710257834.944309, 1710257944.9866135, 1710258055.0426555, 1710258165.0891018, 1710258275.145744, 1710258385.1981006, 1710258495.2371445, 1710258605.2684042, 1710258715.3068697, 1710258825.3414876, 1710258935.388752, 1710259045.4553654, 1710259155.5000806, 1710259265.5453484], "video_end_time": [1710257784.9068606, 1710257894.9461641, 1710258004.9890254, 1710258115.045096, 1710258225.089939, 1710258335.1482637, 1710258445.199594, 1710258555.2393777, 1710258665.270646, 1710258775.3092365, 1710258885.3435898, 1710258995.3910842, 1710259105.4574838, 1710259215.5022206, 1710259325.5479336], "self_assessment_duration": [35.03510618209839, 35.03828477859497, 35.04805326461792, 35.04205799102783, 35.05376935005188, 35.04803490638733, 35.035420417785645, 35.026965856552124, 35.033692598342896, 35.03014636039734, 35.044620990753174, 35.06183409690857, 35.040027379989624, 35.04177927970886, 35.043670654296875], "self_assessment_start_time": [1710257784.9070637, 1710257894.9461641, 1710258004.9890254, 1710258115.0452096, 1710258225.089939, 1710258335.1482637, 1710258445.199594, 1710258555.2393777, 1710258665.270646, 1710258775.3092365, 1710258885.3435898, 1710258995.3910842, 1710259105.4574838, 1710259215.5022206, 1710259325.5479336], "self_assessment_end_time": [1710257819.94217, 1710257929.984449, 1710258040.0370786, 1710258150.0872676, 1710258260.1437085, 1710258370.1962986, 1710258480.2350144, 1710258590.2663436, 1710258700.3043387, 1710258810.339383, 1710258920.3882108, 1710259030.4529183, 1710259140.4975111, 1710259250.544, 1710259360.5916042], "break_duration": [15.0021390914917, 15.002164602279663, 15.005576848983765, 15.001834154129028, 15.00203561782837, 15.00180196762085, 15.002130031585693, 15.002060651779175, 15.002531051635742, 15.002104759216309, 15.00054121017456, 15.002447128295898, 15.002569437026978, 15.001348495483398, 15.004152774810791], "break_start_time": [1710257819.94217, 1710257929.984449, 1710258040.0370786, 1710258150.0872676, 1710258260.1437085, 1710258370.1962986, 1710258480.2350144, 1710258590.2663436, 1710258700.3043387, 1710258810.339383, 1710258920.3882108, 1710259030.4529183, 1710259140.4975111, 1710259250.544, 1710259360.5916042], "break_end_time": [1710257834.944309, 1710257944.9866135, 1710258055.0426555, 1710258165.0891018, 1710258275.145744, 1710258385.1981006, 1710258495.2371445, 1710258605.2684042, 1710258715.3068697, 1710258825.3414876, 1710258935.388752, 1710259045.4553654, 1710259155.5000806, 1710259265.5453484, 1710259375.595757]}]}