{
    "subject_id": 4,
    "video_loop_duration": [
        1661.0629692077637
    ],
    "video_loop_start_time": [
        1709835964.3583503
    ],
    "video_loop_end_time": [
        1709837625.4213195
    ],
    "session_duration": [
        1661.0932533740997
    ],
    "session_start_time": [
        1709835964.3583503
    ],
    "session_end_time": [
        1709837625.4516037
    ],
    "time_recordings": [
        {
            "video_index": [
                0,
                1,
                2,
                3,
                4,
                5,
                6,
                7,
                8,
                9,
                10,
                11,
                12,
                13,
                14
            ],
            "video_name": [
                "27.mp4",
                "3.mp4",
                "83.mp4",
                "101.mp4",
                "53.mp4",
                "48.mp4",
                "86.mp4",
                "2.mp4",
                "20.mp4",
                "62.mp4",
                "120.mp4",
                "45.mp4",
                "11.mp4",
                "23.mp4",
                "13.mp4"
            ],
            "baseline_duration": [
                10.001367568969727,
                10.001367568969727,
                10.001367568969727,
                10.001367568969727,
                10.001367568969727,
                10.001367568969727,
                10.001367568969727,
                10.001367568969727,
                10.001367568969727,
                10.001367568969727,
                10.001367568969727,
                10.001367568969727,
                10.001367568969727,
                10.001367568969727,
                10.001367568969727
            ],
            "baseline_start_time": [
                1709835964.3583503,
                1709835964.3583503,
                1709835964.3583503,
                1709835964.3583503,
                1709835964.3583503,
                1709835964.3583503,
                1709835964.3583503,
                1709835964.3583503,
                1709835964.3583503,
                1709835964.3583503,
                1709835964.3583503,
                1709835964.3583503,
                1709835964.3583503,
                1709835964.3583503,
                1709835964.3583503
            ],
            "baseline_end_time": [
                1709835974.3597178,
                1709835974.3597178,
                1709835974.3597178,
                1709835974.3597178,
                1709835974.3597178,
                1709835974.3597178,
                1709835974.3597178,
                1709835974.3597178,
                1709835974.3597178,
                1709835974.3597178,
                1709835974.3597178,
                1709835974.3597178,
                1709835974.3597178,
                1709835974.3597178,
                1709835974.3597178
            ],
            "video_duration": [
                60.00192975997925,
                60.00237059593201,
                60.0024619102478,
                60.00255823135376,
                60.002259731292725,
                60.00245666503906,
                60.00240659713745,
                60.00229549407959,
                60.001821517944336,
                60.00192928314209,
                60.00224184989929,
                60.00222897529602,
                60.002721071243286,
                60.00243854522705,
                60.00205588340759
            ],
            "video_start_time": [
                1709835974.3597178,
                1709836084.4339633,
                1709836194.5017664,
                1709836304.5729945,
                1709836414.634913,
                1709836524.7241461,
                1709836634.789618,
                1709836744.8583012,
                1709836854.9195025,
                1709836965.0077853,
                1709837075.0792599,
                1709837185.1404645,
                1709837295.2045662,
                1709837405.2718859,
                1709837515.34965
            ],
            "video_end_time": [
                1709836034.3616476,
                1709836144.436334,
                1709836254.5042284,
                1709836364.5755527,
                1709836474.6371727,
                1709836584.7266028,
                1709836694.7920246,
                1709836804.8605967,
                1709836914.921324,
                1709837025.0097146,
                1709837135.0815017,
                1709837245.1426935,
                1709837355.2072873,
                1709837465.2743244,
                1709837575.3517058
            ],
            "self_assessment_duration": [
                35.07026124000549,
                35.063201904296875,
                35.06698274612427,
                35.0575897693634,
                35.085001945495605,
                35.06114053726196,
                35.06372380256653,
                35.0552613735199,
                35.08458948135376,
                35.0678174495697,
                35.05799961090088,
                35.059871435165405,
                35.05957913398743,
                35.073426723480225,
                35.06791615486145
            ],
            "self_assessment_start_time": [
                1709836034.3616476,
                1709836144.436334,
                1709836254.5042284,
                1709836364.5755527,
                1709836474.6371727,
                1709836584.7266028,
                1709836694.7920246,
                1709836804.8605967,
                1709836914.921324,
                1709837025.0097146,
                1709837135.0815017,
                1709837245.1426935,
                1709837355.2072873,
                1709837465.2743244,
                1709837575.3517058
            ],
            "self_assessment_end_time": [
                1709836069.4319088,
                1709836179.4995358,
                1709836289.571211,
                1709836399.6331425,
                1709836509.7221746,
                1709836619.7877433,
                1709836729.8557484,
                1709836839.915858,
                1709836950.0059135,
                1709837060.077532,
                1709837170.1395013,
                1709837280.202565,
                1709837390.2668664,
                1709837500.3477511,
                1709837610.419622
            ],
            "break_duration": [
                15.002054452896118,
                15.002230644226074,
                15.00178337097168,
                15.001770496368408,
                15.00197148323059,
                15.001874685287476,
                15.00255274772644,
                15.003644466400146,
                15.001871824264526,
                15.001727819442749,
                15.00096321105957,
                15.002001285552979,
                15.005019426345825,
                15.001898765563965,
                15.001697540283203
            ],
            "break_start_time": [
                1709836069.4319088,
                1709836179.4995358,
                1709836289.571211,
                1709836399.6331425,
                1709836509.7221746,
                1709836619.7877433,
                1709836729.8557484,
                1709836839.915858,
                1709836950.0059135,
                1709837060.077532,
                1709837170.1395013,
                1709837280.202565,
                1709837390.2668664,
                1709837500.3477511,
                1709837610.419622
            ],