{"subject_id": 8, "video_loop_duration": [1660.7143061161041], "video_loop_start_time": [1710260801.7820604], "video_loop_end_time": [1710262462.4963665], "session_duration": [1660.7436571121216], "session_start_time": [1710260801.7820604], "session_end_time": [1710262462.5257175], "time_recordings": [{"video_index": [0, 1, 2, 3, 4, 5, 6, 7, 8, 9, 10, 11, 12, 13, 14], "video_name": ["53.mp4", "73.mp4", "2.mp4", "58.mp4", "23.mp4", "119.mp4", "62.mp4", "44.mp4", "25.mp4", "28.mp4", "33.mp4", "72.mp4", "91.mp4", "27.mp4", "120.mp4"], "baseline_duration": [10.001691579818726, 10.001691579818726, 10.001691579818726, 10.001691579818726, 10.001691579818726, 10.001691579818726, 10.001691579818726, 10.001691579818726, 10.001691579818726, 10.001691579818726, 10.001691579818726, 10.001691579818726, 10.001691579818726, 10.001691579818726, 10.001691579818726], "baseline_start_time": [1710260801.7820604, 1710260801.7820604, 1710260801.7820604, 1710260801.7820604, 1710260801.7820604, 1710260801.7820604, 1710260801.7820604, 1710260801.7820604, 1710260801.7820604, 1710260801.7820604, 1710260801.7820604, 1710260801.7820604, 1710260801.7820604, 1710260801.7820604, 1710260801.7820604], "baseline_end_time": [1710260811.783752, 1710260811.783752, 1710260811.783752, 1710260811.783752, 1710260811.783752, 1710260811.783752, 1710260811.783752, 1710260811.783752, 1710260811.783752, 1710260811.783752, 1710260811.783752, 1710260811.783752, 1710260811.783752, 1710260811.783752, 1710260811.783752], "video_duration": [60.00227737426758, 60.00232148170471, 60.002957820892334, 60.002124547958374, 60.002291679382324, 60.00208258628845, 60.00218081474304, 60.00247502326965, 60.00275778770447, 60.002519607543945, 60.00249481201172, 60.00081992149353, 60.002450466156006, 60.002562284469604, 60.002164363861084], "video_start_time": [1710260811.783752, 1710260921.830101, 1710261031.87824, 1710261141.9289582, 1710261251.9696083, 1710261362.0175726, 1710261472.0661128, 1710261582.1114135, 1710261692.1582022, 1710261802.1971018, 1710261912.249995, 1710262022.3021784, 1710262132.3320675, 1710262242.3787367, 1710262352.432243], "video_end_time": [1710260871.7860293, 1710260981.8324225, 1710261091.881198, 1710261201.9310827, 1710261311.9719, 1710261422.0196552, 1710261532.0682936, 1710261642.1138885, 1710261752.16096, 1710261862.1996214, 1710261972.2524898, 1710262082.3029983, 1710262192.334518, 1710262302.381299, 1710262412.4344075], "self_assessment_duration": [35.04199266433716, 35.0435791015625, 35.04248547554016, 35.035913944244385, 35.043628215789795, 35.045347690582275, 35.0404326915741, 35.04222297668457, 35.0335795879364, 35.04571533203125, 35.04759478569031, 35.02684497833252, 35.04211974143982, 35.048970222473145, 35.06100654602051], "self_assessment_start_time": [1710260871.7860293, 1710260981.8324225, 1710261091.881198, 1710261201.9310827, 1710261311.9719, 1710261422.0196552, 1710261532.0682936, 1710261642.1138885, 1710261752.16096, 1710261862.1996214, 1710261972.2524898, 1710262082.3029983, 1710262192.334518, 1710262302.381299, 1710262412.4344075], "self_assessment_end_time": [1710260906.828022, 1710261016.8760016, 1710261126.9236834, 1710261236.9669967, 1710261347.0155282, 1710261457.065003, 1710261567.1087263, 1710261677.1561115, 1710261787.1945395, 1710261897.2453368, 1710262007.3000846, 1710262117.3298433, 1710262227.3766377, 1710262337.4302692, 1710262447.495414], "break_duration": [15.002079010009766, 15.002238512039185, 15.005274772644043, 15.002611637115479, 15.002044439315796, 15.001109838485718, 15.002537965774536, 15.002090692520142, 15.002562284469604, 15.004658222198486, 15.00209379196167, 15.002224206924438, 15.00209903717041, 15.001973867416382, 15.00095248222351], "break_start_time": [1710260906.828022, 1710261016.8760016, 1710261126.9236834, 1710261236.9669967, 1710261347.0155282, 1710261457.065003, 1710261567.1088755, 1710261677.1561115, 1710261787.1945395, 1710261897.2453368, 1710262007.3000846, 1710262117.3298433, 1710262227.3766377, 1710262337.4302692, 1710262447.495414], "break_end_time": [1710260921.830101, 1710261031.87824, 1710261141.9289582, 1710261251.9696083, 1710261362.0175726, 1710261472.0661128, 1710261582.1114135, 1710261692.1582022, 1710261802.1971018, 1710261912.249995, 1710262022.3021784, 1710262132.3320675, 1710262242.3787367, 1710262352.432243, 1710262462.4963665]}]}