{"subject_id": 2, "video_loop_duration": [1660.3207235336304], "video_loop_start_time": [1709663763.6199603], "video_loop_end_time": [1709665423.9406838], "session_duration": [1660.351641178131], "session_start_time": [1709663763.6199603], "session_end_time": [1709665423.9716015], "time_recordings": [{"video_index": [0, 1, 2, 3, 4, 5, 6, 7, 8, 9, 10, 11, 12, 13, 14], "video_name": ["110.mp4", "59.mp4", "56.mp4", "24.mp4", "1.mp4", "51.mp4", "119.mp4", "81.mp4", "53.mp4", "55.mp4", "3.mp4", "83.mp4", "70.mp4", "16.mp4", "41.mp4"], "baseline_duration": [10.001267910003662, 10.001267910003662, 10.001267910003662, 10.001267910003662, 10.001267910003662, 10.001267910003662, 10.001267910003662, 10.001267910003662, 10.001267910003662, 10.001267910003662, 10.001267910003662, 10.001267910003662, 10.001267910003662, 10.001267910003662, 10.001267910003662], "baseline_start_time": [1709663763.6199603, 1709663763.6199603, 1709663763.6199603, 1709663763.6199603, 1709663763.6199603, 1709663763.6199603, 1709663763.6199603, 1709663763.6199603, 1709663763.6199603, 1709663763.6199603, 1709663763.6199603, 1709663763.6199603, 1709663763.6199603, 1709663763.6199603, 1709663763.6199603], "baseline_end_time": [1709663773.6212282, 1709663773.6212282, 1709663773.6212282, 1709663773.6212282, 1709663773.6212282, 1709663773.6212282, 1709663773.6212282, 1709663773.6212282, 1709663773.6212282, 1709663773.6212282, 1709663773.6212282, 1709663773.6212282, 1709663773.6212282, 1709663773.6212282, 1709663773.6212282], "video_duration": [60.00152277946472, 60.001240253448486, 60.000845193862915, 60.001540660858154, 60.00132870674133, 60.00087118148804, 60.00138020515442, 60.00134491920471, 60.001083850860596, 60.00141906738281, 60.00080609321594, 60.001577854156494, 60.00077748298645, 60.00159764289856, 60.00124788284302], "video_start_time": [1709663773.6212282, 1709663883.6745749, 1709663993.6939025, 1709664103.7150505, 1709664213.7329063, 1709664323.749553, 1709664433.766732, 1709664543.7880723, 1709664653.8067293, 1709664763.826664, 1709664873.8441303, 1709664983.8642414, 1709665093.8871198, 1709665203.9042113, 1709665313.9241183], "video_end_time": [1709663833.622751, 1709663943.675815, 1709664053.6947477, 1709664163.7165911, 1709664273.734235, 1709664383.7504241, 1709664493.7681122, 1709664603.7894173, 1709664713.8078132, 1709664823.828083, 1709664933.8449364, 1709665043.8658192, 1709665153.8878973, 1709665263.905809, 1709665373.9253662], "self_assessment_duration": [35.05091905593872, 35.01718282699585, 35.01939821243286, 35.01540946960449, 35.01441216468811, 35.0154025554657, 35.01905536651611, 35.016406297683716, 35.01805925369263, 35.014917612075806, 35.018396854400635, 35.020395278930664, 35.01540923118591, 35.017404079437256, 35.01441311836243], "self_assessment_start_time": [1709663833.622751, 1709663943.675815, 1709664053.6947477, 1709664163.7165911, 1709664273.734235, 1709664383.7504241, 1709664493.7681122, 1709664603.7894173, 1709664713.8078132, 1709664823.828083, 1709664933.8449364, 1709665043.8658192, 1709665153.8878973, 1709665263.905809, 1709665373.9253662], "self_assessment_end_time": [1709663868.67367, 1709663978.692998, 1709664088.714146, 1709664198.7320006, 1709664308.7486472, 1709664418.7658267, 1709664528.7871675, 1709664638.8058236, 1709664748.8258724, 1709664858.8430007, 1709664968.8633332, 1709665078.8862145, 1709665188.9033065, 1709665298.923213, 1709665408.9397793], "break_duration": [15.00090479850769, 15.000904560089111, 15.000904560089111, 15.000905752182007, 15.000905752182007, 15.000905275344849, 15.00090479850769, 15.000905752182007, 15.000791549682617, 15.001129627227783, 15.000908136367798, 15.000905275344849, 15.00090479850769, 15.000905275344849, 15.000904560089111], "break_start_time": [1709663868.67367, 1709663978.692998, 1709664088.714146, 1709664198.7320006, 1709664308.7486472, 1709664418.7658267, 1709664528.7871675, 1709664638.8058236, 1709664748.8258724, 1709664858.8430007, 1709664968.8633332, 1709665078.8862145, 1709665188.9033065, 1709665298.923213, 1709665408.9397793], "break_end_time": [1709663883.6745749, 1709663993.6939025, 1709664103.7150505, 1709664213.7329063, 1709664323.749553, 1709664433.766732, 1709664543.7880723, 1709664653.8067293, 1709664763.826664, 1709664873.8441303, 1709664983.8642414, 1709665093.8871198, 1709665203.9042113, 1709665313.9241183, 1709665423.9406838]}]}