{"subject_id": 11, "video_loop_duration": [1660.8584623336792], "video_loop_start_time": [1710268994.271387], "video_loop_end_time": [1710270655.1298494], "session_duration": [1660.962244272232], "session_start_time": [1710268994.271387], "session_end_time": [1710270655.2336314], "time_recordings": [{"video_index": [0, 1, 2, 3, 4, 5, 6, 7, 8, 9, 10, 11, 12, 13, 14], "video_name": ["95.mp4", "83.mp4", "24.mp4", "110.mp4", "53.mp4", "73.mp4", "64.mp4", "12.mp4", "55.mp4", "44.mp4", "71.mp4", "5.mp4", "54.mp4", "45.mp4", "17.mp4"], "baseline_duration": [10.00230360031128, 10.00230360031128, 10.00230360031128, 10.00230360031128, 10.00230360031128, 10.00230360031128, 10.00230360031128, 10.00230360031128, 10.00230360031128, 10.00230360031128, 10.00230360031128, 10.00230360031128, 10.00230360031128, 10.00230360031128, 10.00230360031128], "baseline_start_time": [1710268994.271387, 1710268994.271387, 1710268994.271387, 1710268994.271387, 1710268994.271387, 1710268994.271387, 1710268994.271387, 1710268994.271387, 1710268994.271387, 1710268994.271387, 1710268994.271387, 1710268994.271387, 1710268994.271387, 1710268994.271387, 1710268994.271387], "baseline_end_time": [1710269004.2736907, 1710269004.2736907, 1710269004.2736907, 1710269004.2736907, 1710269004.2736907, 1710269004.2736907, 1710269004.2736907, 1710269004.2736907, 1710269004.2736907, 1710269004.2736907, 1710269004.2736907, 1710269004.2736907, 1710269004.2736907, 1710269004.2736907, 1710269004.2736907], "video_duration": [60.00219464302063, 60.002057790756226, 60.00207710266113, 60.004881858825684, 60.00273633003235, 60.002421379089355, 60.002307415008545, 60.00276851654053, 60.00247859954834, 60.002466440200806, 60.0026741027832, 60.00260519981384, 60.00205421447754, 60.00227379798889, 60.00224328041077], "video_start_time": [1710269004.2736907, 1710269114.3257244, 1710269224.3971736, 1710269334.4381006, 1710269444.4796112, 1710269554.5397532, 1710269664.596237, 1710269774.646258, 1710269884.7112825, 1710269994.766476, 1710270104.8271961, 1710270214.8860974, 1710270324.9532104, 1710270435.0195365, 1710270545.0586786], "video_end_time": [1710269064.2758853, 1710269174.3277822, 1710269284.3992507, 1710269394.4429824, 1710269504.4823475, 1710269614.5421746, 1710269724.5985444, 1710269834.6490266, 1710269944.713761, 1710270054.7689424, 1710270164.8298702, 1710270274.8887026, 1710270384.9552646, 1710270495.0218103, 1710270605.060922], "self_assessment_duration": [35.047839403152466, 35.06513833999634, 35.03608417510986, 35.034130573272705, 35.05399703979492, 35.05153703689575, 35.045690059661865, 35.05710816383362, 35.05081796646118, 35.05618953704834, 35.053812742233276, 35.06220984458923, 35.0619478225708, 35.034411907196045, 35.06689167022705], "self_assessment_start_time": [1710269064.2758853, 1710269174.3277822, 1710269284.3993387, 1710269394.4429824, 1710269504.4823475, 1710269614.5421746, 1710269724.5985444, 1710269834.6490266, 1710269944.713761, 1710270054.7689424, 1710270164.8298702, 1710270274.8887026, 1710270384.9552646, 1710270495.0218103, 1710270605.060922], "self_assessment_end_time": [1710269099.3237247, 1710269209.3929205, 1710269319.435423, 1710269429.477113, 1710269539.5363445, 1710269649.5937116, 1710269759.6442344, 1710269869.7061348, 1710269979.764579, 1710270089.825132, 1710270199.883683, 1710270309.9509125, 1710270420.0172124, 1710270530.0562222, 1710270640.1278136], "break_duration": [15.001999616622925, 15.004253149032593, 15.00267767906189, 15.002498149871826, 15.003408670425415, 15.002525329589844, 15.002023696899414, 15.005147695541382, 15.001896858215332, 15.002064228057861, 15.002414464950562, 15.00229787826538, 15.002324104309082, 15.002456426620483, 15.002035856246948], "break_start_time": [1710269099.3237247, 1710269209.3929205, 1710269319.435423, 1710269429.477113, 1710269539.5363445, 1710269649.5937116, 1710269759.6442344, 1710269869.7061348, 1710269979.764579, 1710270089.825132, 1710270199.883683, 1710270309.9509125, 1710270420.0172124, 1710270530.0562222, 1710270640.1278136], "break_end_time": [1710269114.3257244, 1710269224.3971736, 1710269334.4381006, 1710269444.4796112, 1710269554.5397532, 1710269664.596237, 1710269774.646258, 1710269884.7112825, 1710269994.766476, 1710270104.8271961, 1710270214.8860974, 1710270324.9532104, 1710270435.0195365, 1710270545.0586786, 1710270655.1298494]}]}