{"subject_id": 5, "video_loop_duration": [1661.0718092918396], "video_loop_start_time": [1709839154.9869092], "video_loop_end_time": [1709840816.0587184], "session_duration": [1661.1006450653076], "session_start_time": [1709839154.9869092], "session_end_time": [1709840816.0875542], "time_recordings": [{"video_index": [0, 1, 2, 3, 4, 5, 6, 7, 8, 9, 10, 11, 12, 13, 14], "video_name": ["65.mp4", "11.mp4", "66.mp4", "2.mp4", "114.mp4", "59.mp4", "25.mp4", "32.mp4", "77.mp4", "16.mp4", "58.mp4", "44.mp4", "57.mp4", "53.mp4", "54.mp4"], "baseline_duration": [10.001072406768799, 10.001072406768799, 10.001072406768799, 10.001072406768799, 10.001072406768799, 10.001072406768799, 10.001072406768799, 10.001072406768799, 10.001072406768799, 10.001072406768799, 10.001072406768799, 10.001072406768799, 10.001072406768799, 10.001072406768799, 10.001072406768799], "baseline_start_time": [1709839154.9869092, 1709839154.9869092, 1709839154.9869092, 1709839154.9869092, 1709839154.9869092, 1709839154.9869092, 1709839154.9869092, 1709839154.9869092, 1709839154.9869092, 1709839154.9869092, 1709839154.9869092, 1709839154.9869092, 1709839154.9869092, 1709839154.9869092, 1709839154.9869092], "baseline_end_time": [1709839164.9879816, 1709839164.9879816, 1709839164.9879816, 1709839164.9879816, 1709839164.9879816, 1709839164.9879816, 1709839164.9879816, 1709839164.9879816, 1709839164.9879816, 1709839164.9879816, 1709839164.9879816, 1709839164.9879816, 1709839164.9879816, 1709839164.9879816, 1709839164.9879816], "video_duration": [60.00221085548401, 60.0017364025116, 60.002084493637085, 60.00256967544556, 60.00188326835632, 60.002668380737305, 60.0041720867157, 60.00197410583496, 60.002668619155884, 60.002562046051025, 60.002145290374756, 60.00206112861633, 60.00236248970032, 60.00189709663391, 60.002447843551636], "video_start_time": [1709839164.9879816, 1709839275.0503027, 1709839385.12127, 1709839495.1957808, 1709839605.2683868, 1709839715.3421433, 1709839825.4378827, 1709839935.511963, 1709840045.57371, 1709840155.642779, 1709840265.7117472, 1709840375.7850442, 1709840485.8550801, 1709840595.914349, 1709840705.9857824], "video_end_time": [1709839224.9901924, 1709839335.0520391, 1709839445.1233544, 1709839555.1983504, 1709839665.27027, 1709839775.3448117, 1709839885.4420547, 1709839995.513937, 1709840105.5763786, 1709840215.6453412, 1709840325.7138925, 1709840435.7871053, 1709840545.8574426, 1709840655.9162462, 1709840765.9882302], "self_assessment_duration": [35.05832266807556, 35.067078828811646, 35.06634497642517, 35.06817102432251, 35.06910419464111, 35.0912389755249, 35.06732130050659, 35.0574848651886, 35.0632746219635, 35.06502962112427, 35.06480145454407, 35.0661678314209, 35.05449151992798, 35.06745409965515, 35.06852412223816], "self_assessment_start_time": [1709839224.9901924, 1709839335.0520391, 1709839445.1233544, 1709839555.1983504, 1709839665.27027, 1709839775.3448117, 1709839885.4420547, 1709839995.513937, 1709840105.5763786, 1709840215.6453412, 1709840325.7138925, 1709840435.7871053, 1709840545.8574426, 1709840655.9162462, 1709840765.9882302], "self_assessment_end_time": [1709839260.048515, 1709839370.119118, 1709839480.1896994, 1709839590.2665215, 1709839700.3393743, 1709839810.4360507, 1709839920.509376, 1709840030.5714219, 1709840140.6396532, 1709840250.7103708, 1709840360.778694, 1709840470.8532732, 1709840580.9119341, 1709840690.9837003, 1709840801.0567544], "break_duration": [15.001787662506104, 15.00215196609497, 15.006081342697144, 15.00186538696289, 15.002768993377686, 15.001832008361816, 15.002586841583252, 15.002288103103638, 15.0031259059906, 15.001376390457153, 15.00635027885437, 15.00180697441101, 15.00241494178772, 15.002082109451294, 15.001964092254639], "break_start_time": [1709839260.048515, 1709839370.119118, 1709839480.1896994, 1709839590.2665215, 1709839700.3393743, 1709839810.4360507, 1709839920.509376, 1709840030.5714219, 1709840140.6396532, 1709840250.7103708, 1709840360.778694, 1709840470.8532732, 1709840580.9119341, 1709840690.9837003, 1709840801.0567544], "break_end_time": [1709839275.0503027, 1709839385.12127, 1709839495.1957808, 1709839605.2683868, 1709839715.3421433, 1709839825.4378827, 1709839935.511963, 1709840045.57371, 1709840155.642779, 1709840265.7117472, 1709840375.7850442, 1709840485.8550801, 1709840595.914349, 1709840705.9857824, 1709840816.0587184]}]}