{"subject_id": 0, "video_loop_duration": [1360.3168985843658], "video_loop_start_time": [1709575216.1554863], "video_loop_end_time": [1709576576.472385], "session_duration": [1360.3787355422974], "session_start_time": [1709575216.1554863], "session_end_time": [1709576576.534222], "time_recordings": [{"video_index": [0, 1, 2, 3, 4, 5, 6, 7, 8, 9, 10, 11, 12, 13, 14], "video_name": ["60.mp4", "11.mp4", "30.mp4", "120.mp4", "52.mp4", "56.mp4", "73.mp4", "14.mp4", "26.mp4", "12.mp4", "20.mp4", "22.mp4", "41.mp4", "59.mp4", "62.mp4"], "baseline_duration": [10.002265691757202, 10.002265691757202, 10.002265691757202, 10.002265691757202, 10.002265691757202, 10.002265691757202, 10.002265691757202, 10.002265691757202, 10.002265691757202, 10.002265691757202, 10.002265691757202, 10.002265691757202, 10.002265691757202, 10.002265691757202, 10.002265691757202], "baseline_start_time": [1709575216.1554863, 1709575216.1554863, 1709575216.1554863, 1709575216.1554863, 1709575216.1554863, 1709575216.1554863, 1709575216.1554863, 1709575216.1554863, 1709575216.1554863, 1709575216.1554863, 1709575216.1554863, 1709575216.1554863, 1709575216.1554863, 1709575216.1554863, 1709575216.1554863], "baseline_end_time": [1709575226.157752, 1709575226.157752, 1709575226.157752, 1709575226.157752, 1709575226.157752, 1709575226.157752, 1709575226.157752, 1709575226.157752, 1709575226.157752, 1709575226.157752, 1709575226.157752, 1709575226.157752, 1709575226.157752, 1709575226.157752, 1709575226.157752], "video_duration": [60.001097202301025, 60.00097036361694, 60.001206159591675, 60.00124526023865, 60.000975131988525, 60.00063109397888, 60.001129388809204, 60.000981092453, 60.0010929107666, 60.000996589660645, 60.00084400177002, 60.00111389160156, 60.0013427734375, 60.00078225135803, 60.00121760368347], "video_start_time": [1709575226.157752, 1709575316.1793957, 1709575406.2029614, 1709575496.2339523, 1709575586.2524595, 1709575676.270203, 1709575766.2915933, 1709575856.3094926, 1709575946.3304622, 1709576036.3506975, 1709576126.3730361, 1709576216.3926446, 1709576306.4139268, 1709576396.4311817, 1709576486.454279], "video_end_time": [1709575286.1588492, 1709575376.180366, 1709575466.2041676, 1709575556.2351975, 1709575646.2534347, 1709575736.2708342, 1709575826.2927227, 1709575916.3104737, 1709576006.3315551, 1709576096.351694, 1709576186.3738801, 1709576276.3937585, 1709576366.4152696, 1709576456.431964, 1709576546.4554965], "self_assessment_duration": [20.019214630126953, 20.021326541900635, 20.02851676940918, 20.015991687774658, 20.01550030708313, 20.019490480422974, 20.015501499176025, 20.018493175506592, 20.018347024917603, 20.020488739013672, 20.017496347427368, 20.019490003585815, 20.014643669128418, 20.021047353744507, 20.016005516052246], "self_assessment_start_time": [1709575286.1588492, 1709575376.180366, 1709575466.2041676, 1709575556.2351975, 1709575646.2534347, 1709575736.2708342, 1709575826.2927227, 1709575916.3104737, 1709576006.3315551, 1709576096.351694, 1709576186.3738801, 1709576276.3937585, 1709576366.4152696, 1709576456.431964, 1709576546.4554965], "self_assessment_end_time": [1709575306.1780639, 1709575396.2016926, 1709575486.2326844, 1709575576.2511892, 1709575666.268935, 1709575756.2903247, 1709575846.3082242, 1709575936.3289669, 1709576026.3499022, 1709576116.3721828, 1709576206.3913765, 1709576296.4132485, 1709576386.4299133, 1709576476.4530113, 1709576566.471502], "break_duration": [10.001331806182861, 10.001268863677979, 10.001267910003662, 10.001270294189453, 10.001268148422241, 10.0012686252594, 10.00126838684082, 10.001495361328125, 10.000795364379883, 10.000853300094604, 10.001268148422241, 10.000678300857544, 10.00126838684082, 10.001267671585083, 10.000882863998413], "break_start_time": [1709575306.1780639, 1709575396.2016926, 1709575486.2326844, 1709575576.2511892, 1709575666.268935, 1709575756.2903247, 1709575846.3082242, 1709575936.3289669, 1709576026.3499022, 1709576116.3721828, 1709576206.3913765, 1709576296.4132485, 1709576386.4299133, 1709576476.4530113, 1709576566.471502], "break_end_time": [1709575316.1793957, 1709575406.2029614, 1709575496.2339523, 1709575586.2524595, 1709575676.270203, 1709575766.2915933, 1709575856.3094926, 1709575946.3304622, 1709576036.3506975, 1709576126.3730361, 1709576216.3926446, 1709576306.4139268, 1709576396.4311817, 1709576486.454279, 1709576576.472385]}]}