{"subject_id": 9, "video_loop_duration": [1660.652009487152], "video_loop_start_time": [1710263294.17601], "video_loop_end_time": [1710264954.8280194], "session_duration": [1660.6956672668457], "session_start_time": [1710263294.17601], "session_end_time": [1710264954.8716772], "time_recordings": [{"video_index": [0, 1, 2, 3, 4, 5, 6, 7, 8, 9, 10, 11, 12, 13, 14], "video_name": ["85.mp4", "20.mp4", "62.mp4", "33.mp4", "24.mp4", "88.mp4", "25.mp4", "3.mp4", "1.mp4", "48.mp4", "77.mp4", "60.mp4", "31.mp4", "71.mp4", "91.mp4"], "baseline_duration": [10.003608465194702, 10.003608465194702, 10.003608465194702, 10.003608465194702, 10.003608465194702, 10.003608465194702, 10.003608465194702, 10.003608465194702, 10.003608465194702, 10.003608465194702, 10.003608465194702, 10.003608465194702, 10.003608465194702, 10.003608465194702, 10.003608465194702], "baseline_start_time": [1710263294.17601, 1710263294.17601, 1710263294.17601, 1710263294.17601, 1710263294.17601, 1710263294.17601, 1710263294.17601, 1710263294.17601, 1710263294.17601, 1710263294.17601, 1710263294.17601, 1710263294.17601, 1710263294.17601, 1710263294.17601, 1710263294.17601], "baseline_end_time": [1710263304.1796184, 1710263304.1796184, 1710263304.1796184, 1710263304.1796184, 1710263304.1796184, 1710263304.1796184, 1710263304.1796184, 1710263304.1796184, 1710263304.1796184, 1710263304.1796184, 1710263304.1796184, 1710263304.1796184, 1710263304.1796184, 1710263304.1796184, 1710263304.1796184], "video_duration": [60.002074241638184, 60.002243518829346, 60.00220060348511, 60.00233769416809, 60.00097632408142, 60.00192928314209, 60.00122094154358, 60.002269983291626, 60.00197672843933, 60.00243520736694, 60.002543687820435, 60.001832723617554, 60.002291679382324, 60.002501249313354, 60.002113580703735], "video_start_time": [1710263304.1796184, 1710263414.2170954, 1710263524.2673671, 1710263634.3061306, 1710263744.3484752, 1710263854.3898997, 1710263964.4267704, 1710264074.4695675, 1710264184.526549, 1710264294.5745542, 1710264404.6177442, 1710264514.6568136, 1710264624.7040486, 1710264734.7627974, 1710264844.7951097], "video_end_time": [1710263364.1816926, 1710263474.219339, 1710263584.2695677, 1710263694.3084683, 1710263804.3494515, 1710263914.391829, 1710264024.4279914, 1710264134.4718375, 1710264244.5285258, 1710264354.5769894, 1710264464.620288, 1710264574.6586463, 1710264684.7063403, 1710264794.7652986, 1710264904.7972233], "self_assessment_duration": [35.03264784812927, 35.045851945877075, 35.03449583053589, 35.0371253490448, 35.0380277633667, 35.032724380493164, 35.03724980354309, 35.05263328552246, 35.04367113113403, 35.0392701625824, 35.03400945663452, 35.04378294944763, 35.05477166175842, 35.02731394767761, 35.02880549430847], "self_assessment_start_time": [1710263364.1817613, 1710263474.219339, 1710263584.2695677, 1710263694.3084683, 1710263804.3494515, 1710263914.391829, 1710264024.4279914, 1710264134.4718375, 1710264244.5285258, 1710264354.5769894, 1710264464.620288, 1710264574.6586463, 1710264684.7063403, 1710264794.7652986, 1710264904.7972233], "self_assessment_end_time": [1710263399.214409, 1710263509.2651908, 1710263619.3040636, 1710263729.3455937, 1710263839.3874793, 1710263949.4245534, 1710264059.4652412, 1710264169.5244708, 1710264279.572197, 1710264389.6162596, 1710264499.6542974, 1710264609.7024293, 1710264719.761112, 1710264829.7926126, 1710264939.8260288], "break_duration": [15.002686262130737, 15.002176284790039, 15.00206708908081, 15.002881526947021, 15.002420425415039, 15.002217054367065, 15.004326343536377, 15.002078294754028, 15.002357244491577, 15.001484632492065, 15.002516269683838, 15.001619338989258, 15.001685380935669, 15.00249719619751, 15.001990556716919], "break_start_time": [1710263399.214409, 1710263509.2651908, 1710263619.3040636, 1710263729.3455937, 1710263839.3874793, 1710263949.4245534, 1710264059.4652412, 1710264169.5244708, 1710264279.572197, 1710264389.6162596, 1710264499.6542974, 1710264609.7024293, 1710264719.761112, 1710264829.7926126, 1710264939.8260288], "break_end_time": [1710263414.2170954, 1710263524.2673671, 1710263634.3061306, 1710263744.3484752, 1710263854.3898997, 1710263964.4267704, 1710264074.4695675, 1710264184.526549, 1710264294.5745542, 1710264404.6177442, 1710264514.6568136, 1710264624.7040486, 1710264734.7627974, 1710264844.7951097, 1710264954.8280194]}]}