{"subject_id": 10, "video_loop_duration": [1660.8862433433533], "video_loop_start_time": [1710266215.2685192], "video_loop_end_time": [1710267876.1547625], "session_duration": [1660.9754967689514], "session_start_time": [1710266215.2685192], "session_end_time": [1710267876.244016], "time_recordings": [{"video_index": [0, 1, 2, 3, 4, 5, 6, 7, 8, 9, 10, 11, 12, 13, 14], "video_name": ["14.mp4", "20.mp4", "64.mp4", "72.mp4", "119.mp4", "28.mp4", "16.mp4", "24.mp4", "55.mp4", "18.mp4", "33.mp4", "29.mp4", "2.mp4", "57.mp4", "73.mp4"], "baseline_duration": [10.00243353843689, 10.00243353843689, 10.00243353843689, 10.00243353843689, 10.00243353843689, 10.00243353843689, 10.00243353843689, 10.00243353843689, 10.00243353843689, 10.00243353843689, 10.00243353843689, 10.00243353843689, 10.00243353843689, 10.00243353843689, 10.00243353843689], "baseline_start_time": [1710266215.2685192, 1710266215.2685192, 1710266215.2685192, 1710266215.2685192, 1710266215.2685192, 1710266215.2685192, 1710266215.2685192, 1710266215.2685192, 1710266215.2685192, 1710266215.2685192, 1710266215.2685192, 1710266215.2685192, 1710266215.2685192, 1710266215.2685192, 1710266215.2685192], "baseline_end_time": [1710266225.2709527, 1710266225.2709527, 1710266225.2709527, 1710266225.2709527, 1710266225.2709527, 1710266225.2709527, 1710266225.2709527, 1710266225.2709527, 1710266225.2709527, 1710266225.2709527, 1710266225.2709527, 1710266225.2709527, 1710266225.2709527, 1710266225.2709527, 1710266225.2709527], "video_duration": [60.00218749046326, 60.0030198097229, 60.00194430351257, 60.00286412239075, 60.002577781677246, 60.0025269985199, 60.002747774124146, 60.00285863876343, 60.00233864784241, 60.00325608253479, 60.002690076828, 60.002620458602905, 60.00268745422363, 60.0028977394104, 60.0027973651886], "video_start_time": [1710266225.2709527, 1710266335.3392408, 1710266445.3977752, 1710266555.4532146, 1710266665.5012805, 1710266775.5596619, 1710266885.6178803, 1710266995.6739438, 1710267105.7196496, 1710267215.7734478, 1710267325.8387744, 1710267435.898742, 1710267545.97214, 1710267656.0286148, 1710267766.092605], "video_end_time": [1710266285.2731402, 1710266395.3422606, 1710266505.3997195, 1710266615.4560788, 1710266725.5038583, 1710266835.5621889, 1710266945.620628, 1710267055.6768024, 1710267165.7219882, 1710267275.7767038, 1710267385.8414645, 1710267495.9013624, 1710267605.9748275, 1710267716.0315125, 1710267826.0954025], "self_assessment_duration": [35.06355404853821, 35.053173303604126, 35.05064535140991, 35.0423378944397, 35.05334758758545, 35.052942752838135, 35.048068046569824, 35.04092884063721, 35.0485942363739, 35.05965781211853, 35.05538535118103, 35.06852436065674, 35.05172252655029, 35.05899930000305, 35.05630397796631], "self_assessment_start_time": [1710266285.2731402, 1710266395.3422606, 1710266505.3997195, 1710266615.4560788, 1710266725.5038583, 1710266835.5621889, 1710266945.620628, 1710267055.6768024, 1710267165.7219882, 1710267275.7767038, 1710267385.8414645, 1710267495.9013624, 1710267605.9748275, 1710267716.0315125, 1710267826.0954025], "self_assessment_end_time": [1710266320.3366942, 1710266430.395434, 1710266540.4503648, 1710266650.4984167, 1710266760.557206, 1710266870.6151316, 1710266980.6686962, 1710267090.7177312, 1710267200.7705824, 1710267310.8363616, 1710267420.8968499, 1710267530.9698868, 1710267641.02655, 1710267751.0905118, 1710267861.1517065], "break_duration": [15.002546548843384, 15.002341270446777, 15.002849817276001, 15.002863883972168, 15.002455949783325, 15.002748727798462, 15.005247592926025, 15.001918315887451, 15.002865314483643, 15.002412796020508, 15.00189208984375, 15.002253293991089, 15.00206470489502, 15.002093315124512, 15.003056049346924], "break_start_time": [1710266320.3366942, 1710266430.395434, 1710266540.4503648, 1710266650.4984167, 1710266760.557206, 1710266870.6151316, 1710266980.6686962, 1710267090.7177312, 1710267200.7705824, 1710267310.8363616, 1710267420.8968499, 1710267530.9698868, 1710267641.02655, 1710267751.0905118, 1710267861.1517065], "break_end_time": [1710266335.3392408, 1710266445.3977752, 1710266555.4532146, 1710266665.5012805, 1710266775.5596619, 1710266885.6178803, 1710266995.6739438, 1710267105.7196496, 1710267215.7734478, 1710267325.8387744, 1710267435.898742, 1710267545.97214, 1710267656.0286148, 1710267766.092605, 1710267876.1547625]}]}