{"0":2.219675635,"1":-0.8578704407,"2":-0.8125956349,"label_multiclass":2,"label_binary":1}
{"0":0.7597017562,"1":-1.4507839287,"2":0.4957581057,"label_multiclass":4,"label_binary":0}
{"0":-0.6197794121,"1":-0.0744606815,"2":0.9716559228,"label_multiclass":4,"label_binary":0}
{"0":-0.2478959674,"1":0.4456203377,"2":0.7498491889,"label_multiclass":3,"label_binary":0}
{"0":-0.5028403362,"1":0.17187702,"2":0.6756956362,"label_multiclass":3,"label_binary":0}
{"0":2.5756177021,"1":-2.3592696352,"2":0.1464415142,"label_multiclass":4,"label_binary":0}
{"0":0.6560238659,"1":-0.9866045975,"2":-1.1584924746,"label_multiclass":1,"label_binary":1}
{"0":1.6519533188,"1":-0.0383652312,"2":-0.5390042778,"label_multiclass":2,"label_binary":1}
{"0":2.8625899871,"1":-2.0509167204,"2":0.2300127279,"label_multiclass":4,"label_binary":0}
{"0":-0.5324729385,"1":0.5947273801,"2":-0.6270716549,"label_multiclass":1,"label_binary":1}
{"0":0.1746234884,"1":-0.6506070071,"2":0.7639803275,"label_multiclass":4,"label_binary":0}
{"0":1.6545633822,"1":-1.9189306537,"2":0.3173638842,"label_multiclass":4,"label_binary":0}
{"0":-0.7846685663,"1":-0.1307325066,"2":0.5937225979,"label_multiclass":3,"label_binary":0}
{"0":1.1863752185,"1":-0.5384717505,"2":-0.6745148181,"label_multiclass":2,"label_binary":1}
{"0":-0.5493313076,"1":0.5766259178,"2":-0.6319751088,"label_multiclass":1,"label_binary":1}
{"0":-0.7449707037,"1":-0.2088832604,"2":0.9352425708,"label_multiclass":4,"label_binary":0}
{"0":-0.5842321334,"1":-0.036292237,"2":0.9819952647,"label_multiclass":4,"label_binary":0}
{"0":-1.0543524659,"1":0.0343657845,"2":-0.7788664217,"label_multiclass":1,"label_binary":1}
{"0":-0.918834135,"1":-0.2747911029,"2":0.5546989724,"label_multiclass":3,"label_binary":0}
{"0":-0.8767483473,"1":0.2250659788,"2":-0.7272081858,"label_multiclass":1,"label_binary":1}
{"0":-0.5650407231,"1":0.4389822942,"2":-0.306570991,"label_multiclass":2,"label_binary":1}
{"0":-0.8677061736,"1":0.1139990637,"2":-0.3946047787,"label_multiclass":2,"label_binary":1}
{"0":-1.110826173,"1":-0.1470479857,"2":-0.4653190752,"label_multiclass":2,"label_binary":1}
{"0":-0.1034956112,"1":1.0553364038,"2":-0.5022985799,"label_multiclass":1,"label_binary":1}
{"0":-0.768285698,"1":0.3415263879,"2":-0.6956605551,"label_multiclass":1,"label_binary":1}
{"0":-0.5849270764,"1":0.4176295718,"2":-0.3123551696,"label_multiclass":2,"label_binary":1}
{"0":-0.3692744951,"1":0.7699596614,"2":-0.5796034781,"label_multiclass":1,"label_binary":1}
{"0":-0.1917921466,"1":0.8397532708,"2":-0.1980072753,"label_multiclass":2,"label_binary":1}
{"0":-0.8200238094,"1":-0.1686947554,"2":0.5834391118,"label_multiclass":3,"label_binary":0}
{"0":-0.968744829,"1":-0.3283820844,"2":0.5401818631,"label_multiclass":3,"label_binary":0}
{"0":5.3385464616,"1":1.1832869859,"2":-0.6738402199,"label_multiclass":1,"label_binary":1}
{"0":3.836389746,"1":-0.5508248888,"2":-0.7809786051,"label_multiclass":2,"label_binary":1}
{"0":2.5717300088,"1":-2.2423273389,"2":-0.1845047027,"label_multiclass":3,"label_binary":0}
{"0":7.5305641796,"1":-0.7502054508,"2":-1.3523680196,"label_multiclass":1,"label_binary":1}
{"0":2.1535131438,"1":-2.3576178834,"2":-1.2703820187,"label_multiclass":2,"label_binary":1}
{"0":3.0442358421,"1":-1.7350035138,"2":-0.0470816903,"label_multiclass":3,"label_binary":0}
{"0":0.6283848138,"1":-0.0422065281,"2":0.5661760134,"label_multiclass":3,"label_binary":0}
{"0":-0.5679993397,"1":-0.0188624784,"2":0.9867167627,"label_multiclass":4,"label_binary":0}
{"0":0.0979447074,"1":1.2716304188,"2":-0.4437073063,"label_multiclass":1,"label_binary":1}
{"0":7.6309420805,"1":3.0693082238,"2":1.6170673265,"label_multiclass":4,"label_binary":0}
{"0":0.5146416165,"1":-0.2850321588,"2":0.8631031821,"label_multiclass":4,"label_binary":0}
{"0":3.1651445664,"1":3.0148800916,"2":0.3395602536,"label_multiclass":2,"label_binary":1}
{"0":0.4473338199,"1":-0.2369366949,"2":0.513362774,"label_multiclass":3,"label_binary":0}
{"0":-0.3395067168,"1":0.3472544448,"2":0.7232031305,"label_multiclass":3,"label_binary":0}
{"0":1.5610528245,"1":1.2923436337,"2":-0.1270841724,"label_multiclass":2,"label_binary":1}
{"0":-0.9859027291,"1":-0.0129130051,"2":-0.4289836298,"label_multiclass":2,"label_binary":1}
{"0":-0.8457616679,"1":0.2583375371,"2":-0.7181953475,"label_multiclass":1,"label_binary":1}
{"0":1.5406333898,"1":1.2697458562,"2":-0.1333351412,"label_multiclass":2,"label_binary":1}
{"0":-0.7744371018,"1":-0.1197465999,"2":0.5966985391,"label_multiclass":3,"label_binary":0}
{"0":-0.9581256935,"1":-0.4377557567,"2":0.873243948,"label_multiclass":4,"label_binary":0}
{"0":-0.8344272963,"1":-0.3049361544,"2":0.9092230742,"label_multiclass":4,"label_binary":0}
{"0":-1.1267211438,"1":-0.1641150112,"2":-0.4699423134,"label_multiclass":2,"label_binary":1}
{"0":-1.154139396,"1":-0.0727791799,"2":-0.8078906179,"label_multiclass":1,"label_binary":1}
{"0":-1.2766681693,"1":-0.3251187488,"2":-0.5135561602,"label_multiclass":2,"label_binary":1}
{"0":-1.02947564,"1":0.0610769642,"2":-0.7716307059,"label_multiclass":1,"label_binary":1}
{"0":-1.0141927264,"1":-0.4979570299,"2":0.8569361954,"label_multiclass":4,"label_binary":0}
{"0":-0.9806564166,"1":-0.3411720022,"2":0.5367172385,"label_multiclass":3,"label_binary":0}
{"0":-0.69696116,"1":0.4181102158,"2":-0.6749149787,"label_multiclass":1,"label_binary":1}
{"0":-1.3036005082,"1":-0.3540370099,"2":-0.5213897461,"label_multiclass":2,"label_binary":1}
{"0":-1.0744514908,"1":0.0127847086,"2":-0.7847124583,"label_multiclass":1,"label_binary":1}
{"0":-0.3316323445,"1":0.2349336175,"2":1.0554668689,"label_multiclass":4,"label_binary":0}
{"0":-0.481827109,"1":0.6491077042,"2":-0.6123407228,"label_multiclass":1,"label_binary":1}
{"0":-1.0818999572,"1":0.0047870113,"2":-0.7868789319,"label_multiclass":1,"label_binary":1}
{"0":-0.3504424934,"1":0.2147364561,"2":1.049995717,"label_multiclass":4,"label_binary":0}
{"0":-0.7797492208,"1":0.2084417383,"2":-0.3690214698,"label_multiclass":2,"label_binary":1}
{"0":-0.4680047004,"1":0.0885055112,"2":1.0158013735,"label_multiclass":4,"label_binary":0}
{"0":-0.634076073,"1":0.485632289,"2":-0.6566241154,"label_multiclass":1,"label_binary":1}
{"0":-0.2355737137,"1":0.458851203,"2":0.7534332605,"label_multiclass":3,"label_binary":0}
{"0":-0.6654216716,"1":0.33119951,"2":-0.3357679644,"label_multiclass":2,"label_binary":1}
{"0":0.6264492257,"1":0.289763751,"2":-0.3984893952,"label_multiclass":2,"label_binary":1}
{"0":0.0247816018,"1":0.7384044569,"2":0.8291606504,"label_multiclass":3,"label_binary":0}
{"0":-0.3223311789,"1":0.8203644583,"2":-0.5659494653,"label_multiclass":1,"label_binary":1}
{"0":0.319050648,"1":1.0543721537,"2":0.9147522456,"label_multiclass":3,"label_binary":0}
{"0":0.1120443083,"1":1.1659938527,"2":-0.1096328873,"label_multiclass":2,"label_binary":1}
{"0":-0.4337064554,"1":0.1253328215,"2":1.0257774194,"label_multiclass":4,"label_binary":0}
{"0":-0.4675363239,"1":0.0890084246,"2":1.0159376063,"label_multiclass":4,"label_binary":0}
{"0":-0.9082039755,"1":-0.3841529382,"2":0.8877642638,"label_multiclass":4,"label_binary":0}
{"0":1.6189607911,"1":-1.958556377,"2":0.3063606229,"label_multiclass":4,"label_binary":0}
{"0":1.3789795541,"1":-0.3314475349,"2":-0.6183926913,"label_multiclass":2,"label_binary":1}
{"0":1.2720682718,"1":-0.3254293144,"2":-0.9794453114,"label_multiclass":1,"label_binary":1}
{"0":-0.8994963993,"1":-0.3748032875,"2":0.8902969642,"label_multiclass":4,"label_binary":0}
{"0":-1.0737020136,"1":-0.5618543805,"2":0.8396272229,"label_multiclass":4,"label_binary":0}
{"0":-0.8418713723,"1":0.1417388574,"2":-0.3870904245,"label_multiclass":2,"label_binary":1}
{"0":1.6629610202,"1":-1.9107392491,"2":0.3194238907,"label_multiclass":4,"label_binary":0}
{"0":-0.7019261112,"1":-0.1626646692,"2":0.9477625942,"label_multiclass":4,"label_binary":0}
{"0":-1.1997368438,"1":-0.1217388675,"2":-0.8211531692,"label_multiclass":1,"label_binary":1}
{"0":-0.1814387336,"1":-0.5789617949,"2":-0.6340597634,